    "eclipse-results.com",
    "ohiofirstlandtitle.com",
    "arnoldprinting.com",
    "muohio.edu",
    "cblhdesign.com",
    "directoptions.com",
    "cityarch.com",
    "mraservices.com",
    "jewishtoledo.org",
    "rapidmailing.com",
    "gf-wealth.com",
    "everhard.com",
    "remax.net",
    "millsrunapts.com",
    "tartanagency.com",
    "brighton-science.com",
    "urbansites.com",
    "manningcontracting.com",
    "easternlakecountychamber.org",
    "gardnercorp.com",
    "sedgwick.com",
    "tigerpistol.com",
